名称,星级,Id,舰船类型
泛用型布里,4,100001,1
试作型布里MKII,5,100011,1
特装型布里MKIII,6,100021,1
杜威,2,101021,1
杜威,3,101022,1
杜威,4,101023,1
杜威,5,101024,1
卡辛,1,101031,1
卡辛,2,101032,1
卡辛,3,101033,1
卡辛,4,101034,1
唐斯,1,101041,1
唐斯,2,101042,1
唐斯,3,101043,1
唐斯,4,101044,1
格里德利,2,101051,1
格里德利,3,101052,1
格里德利,4,101053,1
格里德利,5,101054,1
克雷文,1,101061,1
克雷文,2,101062,1
克雷文,3,101063,1
克雷文,4,101064,1
麦考尔,1,101071,1
麦考尔,2,101072,1
麦考尔,3,101073,1
麦考尔,4,101074,1
莫里,2,101081,1
莫里,3,101082,1
莫里,4,101083,1
莫里,5,101084,1
弗莱彻,2,101091,1
弗莱彻,3,101092,1
弗莱彻,4,101093,1
弗莱彻,5,101094,1
查尔斯·奥斯本,2,101111,1
查尔斯·奥斯本,3,101112,1
查尔斯·奥斯本,4,101113,1
查尔斯·奥斯本,5,101114,1
撒切尔,2,101121,1
撒切尔,3,101122,1
撒切尔,4,101123,1
撒切尔,5,101124,1
奥利克,1,101131,1
奥利克,2,101132,1
奥利克,3,101133,1
奥利克,4,101134,1
富特,1,101141,1
富特,2,101142,1
富特,3,101143,1
富特,4,101144,1
斯彭斯,1,101151,1
斯彭斯,2,101152,1
斯彭斯,3,101153,1
斯彭斯,4,101154,1
本森,2,101161,1
本森,3,101162,1
本森,4,101163,1
本森,5,101164,1
拉菲,2,101171,1
拉菲,3,101172,1
拉菲,4,101173,1
拉菲,5,101174,1
西姆斯,2,101241,1
西姆斯,3,101242,1
西姆斯,4,101243,1
西姆斯,5,101244,1
哈曼,2,101251,1
哈曼,3,101252,1
哈曼,4,101253,1
哈曼,5,101254,1
埃尔德里奇,3,101261,1
埃尔德里奇,4,101262,1
埃尔德里奇,5,101263,1
埃尔德里奇,6,101264,1
贝利,2,101271,1
贝利,3,101272,1
贝利,4,101273,1
贝利,5,101274,1
拉德福特,2,101291,1
拉德福特,3,101292,1
拉德福特,4,101293,1
拉德福特,5,101294,1
杰金斯,2,101301,1
杰金斯,3,101302,1
杰金斯,4,101303,1
杰金斯,5,101304,1
尼古拉斯,2,101311,1
尼古拉斯,3,101312,1
尼古拉斯,4,101313,1
尼古拉斯,5,101314,1
布什,2,101331,1
布什,3,101332,1
布什,4,101333,1
布什,5,101334,1
黑泽伍德,2,101341,1
黑泽伍德,3,101342,1
黑泽伍德,4,101343,1
黑泽伍德,5,101344,1
贝奇,2,101351,1
贝奇,3,101352,1
贝奇,4,101353,1
贝奇,5,101354,1
霍比,2,101361,1
霍比,3,101362,1
霍比,4,101363,1
霍比,5,101364,1
科尔克,2,101371,1
科尔克,3,101372,1
科尔克,4,101373,1
科尔克,5,101374,1
金伯利,2,101381,1
金伯利,3,101382,1
金伯利,4,101383,1
金伯利,5,101384,1
马拉尼,2,101391,1
马拉尼,3,101392,1
马拉尼,4,101393,1
马拉尼,5,101394,1
艾尔温,2,101401,1
艾尔温,3,101402,1
艾尔温,4,101403,1
艾尔温,5,101404,1
斯坦利,2,101411,1
斯坦利,3,101412,1
斯坦利,4,101413,1
斯坦利,5,101414,1
斯莫利,2,101421,1
斯莫利,3,101422,1
斯莫利,4,101423,1
斯莫利,5,101424,1
哈尔西·鲍威尔,2,101431,1
哈尔西·鲍威尔,3,101432,1
哈尔西·鲍威尔,4,101433,1
哈尔西·鲍威尔,5,101434,1
库珀,2,101441,1
库珀,3,101442,1
库珀,4,101443,1
库珀,5,101444,1
艾伦·萨姆纳,3,101451,1
艾伦·萨姆纳,4,101452,1
艾伦·萨姆纳,5,101453,1
艾伦·萨姆纳,6,101454,1
史蒂芬·波特,2,101461,1
史蒂芬·波特,3,101462,1
史蒂芬·波特,4,101463,1
史蒂芬·波特,5,101464,1
莫里森,2,101471,1
莫里森,3,101472,1
莫里森,4,101473,1
莫里森,5,101474,1
英格拉罕,3,101481,1
英格拉罕,4,101482,1
英格拉罕,5,101483,1
英格拉罕,6,101484,1
布里斯托尔,3,101491,1
布里斯托尔,4,101492,1
布里斯托尔,5,101493,1
布里斯托尔,6,101494,1
哈曼II,2,101501,1
哈曼II,3,101502,1
哈曼II,4,101503,1
哈曼II,5,101504,1
奥马哈,1,102011,2
奥马哈,2,102012,2
奥马哈,3,102013,2
奥马哈,4,102014,2
罗利,1,102021,2
罗利,2,102022,2
罗利,3,102023,2
罗利,4,102024,2
布鲁克林,2,102031,2
布鲁克林,3,102032,2
布鲁克林,4,102033,2
布鲁克林,5,102034,2
菲尼克斯,2,102041,2
菲尼克斯,3,102042,2
菲尼克斯,4,102043,2
菲尼克斯,5,102044,2
海伦娜,2,102051,2
海伦娜,3,102052,2
海伦娜,4,102053,2
海伦娜,5,102054,2
亚特兰大,2,102061,2
亚特兰大,3,102062,2
亚特兰大,4,102063,2
亚特兰大,5,102064,2
朱诺,2,102071,2
朱诺,3,102072,2
朱诺,4,102073,2
朱诺,5,102074,2
圣地亚哥,3,102081,2
圣地亚哥,4,102082,2
圣地亚哥,5,102083,2
圣地亚哥,6,102084,2
克利夫兰,2,102091,2
克利夫兰,3,102092,2
克利夫兰,4,102093,2
克利夫兰,5,102094,2
哥伦比亚,2,102101,2
哥伦比亚,3,102102,2
哥伦比亚,4,102103,2
哥伦比亚,5,102104,2
里士满,1,102111,2
里士满,2,102112,2
里士满,3,102113,2
里士满,4,102114,2
火奴鲁鲁,2,102121,2
火奴鲁鲁,3,102122,2
火奴鲁鲁,4,102123,2
火奴鲁鲁,5,102124,2
圣路易斯,2,102131,2
圣路易斯,3,102132,2
圣路易斯,4,102133,2
圣路易斯,5,102134,2
蒙彼利埃,3,102141,2
蒙彼利埃,4,102142,2
蒙彼利埃,5,102143,2
蒙彼利埃,6,102144,2
丹佛,2,102151,2
丹佛,3,102152,2
丹佛,4,102153,2
丹佛,5,102154,2
孟菲斯,2,102161,2
孟菲斯,3,102162,2
孟菲斯,4,102163,2
孟菲斯,5,102164,2
圣地亚哥.改,6,102174,2
康克德,2,102181,2
康克德,3,102182,2
康克德,4,102183,2
康克德,5,102184,2
小海伦娜,2,102191,2
小海伦娜,3,102192,2
小海伦娜,4,102193,2
小海伦娜,5,102194,2
小克利夫兰,2,102201,2
小克利夫兰,3,102202,2
小克利夫兰,4,102203,2
小克利夫兰,5,102204,2
小圣地亚哥,2,102211,2
小圣地亚哥,3,102212,2
小圣地亚哥,4,102213,2
小圣地亚哥,5,102214,2
圣胡安,2,102221,2
圣胡安,3,102222,2
圣胡安,4,102223,2
圣胡安,5,102224,2
伯明翰,2,102231,2
伯明翰,3,102232,2
伯明翰,4,102233,2
伯明翰,5,102234,2
克利夫兰(μ兵装),2,102241,2
克利夫兰(μ兵装),3,102242,2
克利夫兰(μ兵装),4,102243,2
克利夫兰(μ兵装),5,102244,2
比洛克西,2,102251,2
比洛克西,3,102252,2
比洛克西,4,102253,2
比洛克西,5,102254,2
里诺,3,102261,2
里诺,4,102262,2
里诺,5,102263,2
里诺,6,102264,2
马布尔黑德,2,102271,2
马布尔黑德,3,102272,2
马布尔黑德,4,102273,2
马布尔黑德,5,102274,2
海伦娜.改,5,102284,2
博伊西,2,102291,2
博伊西,3,102292,2
博伊西,4,102293,2
博伊西,5,102294,2
朱诺.改,5,102304,2
彭萨科拉,1,103011,3
彭萨科拉,2,103012,3
彭萨科拉,3,103013,3
彭萨科拉,4,103014,3
盐湖城,1,103021,3
盐湖城,2,103022,3
盐湖城,3,103023,3
盐湖城,4,103024,3
北安普敦,2,103031,3
北安普敦,3,103032,3
北安普敦,4,103033,3
北安普敦,5,103034,3
芝加哥,2,103041,3
芝加哥,3,103042,3
芝加哥,4,103043,3
芝加哥,5,103044,3
休斯敦,2,103051,3
休斯敦,3,103052,3
休斯敦,4,103053,3
休斯敦,5,103054,3
波特兰,2,103061,3
波特兰,3,103062,3
波特兰,4,103063,3
波特兰,5,103064,3
印第安纳波利斯,2,103071,3
印第安纳波利斯,3,103072,3
印第安纳波利斯,4,103073,3
印第安纳波利斯,5,103074,3
阿斯托利亚,2,103081,3
阿斯托利亚,3,103082,3
阿斯托利亚,4,103083,3
阿斯托利亚,5,103084,3
昆西,2,103091,3
昆西,3,103092,3
昆西,4,103093,3
昆西,5,103094,3
文森斯,2,103101,3
文森斯,3,103102,3
文森斯,4,103103,3
文森斯,5,103104,3
威奇塔,2,103111,3
威奇塔,3,103112,3
威奇塔,4,103113,3
威奇塔,5,103114,3
新奥尔良,3,103121,3
新奥尔良,4,103122,3
新奥尔良,5,103123,3
新奥尔良,6,103124,3
明尼阿波利斯,3,103131,3
明尼阿波利斯,4,103132,3
明尼阿波利斯,5,103133,3
明尼阿波利斯,6,103134,3
旧金山,3,103141,3
旧金山,4,103142,3
旧金山,5,103143,3
旧金山,6,103144,3
巴尔的摩,3,103161,3
巴尔的摩,4,103162,3
巴尔的摩,5,103163,3
巴尔的摩,6,103164,3
布莱默顿,3,103241,3
布莱默顿,4,103242,3
布莱默顿,5,103243,3
布莱默顿,6,103244,3
巴尔的摩(μ兵装),2,103251,3
巴尔的摩(μ兵装),3,103252,3
巴尔的摩(μ兵装),4,103253,3
巴尔的摩(μ兵装),5,103254,3
北安普敦II,3,103261,3
北安普敦II,4,103262,3
北安普敦II,5,103263,3
北安普敦II,6,103264,3
内华达,1,105011,5
内华达,2,105012,5
内华达,3,105013,5
内华达,4,105014,5
俄克拉荷马,1,105021,5
俄克拉荷马,2,105022,5
俄克拉荷马,3,105023,5
俄克拉荷马,4,105024,5
宾夕法尼亚,2,105031,5
宾夕法尼亚,3,105032,5
宾夕法尼亚,4,105033,5
宾夕法尼亚,5,105034,5
亚利桑那,2,105041,5
亚利桑那,3,105042,5
亚利桑那,4,105043,5
亚利桑那,5,105044,5
田纳西,2,105071,5
田纳西,3,105072,5
田纳西,4,105073,5
田纳西,5,105074,5
加利福尼亚,2,105081,5
加利福尼亚,3,105082,5
加利福尼亚,4,105083,5
加利福尼亚,5,105084,5
科罗拉多,2,105091,5
科罗拉多,3,105092,5
科罗拉多,4,105093,5
科罗拉多,5,105094,5
马里兰,2,105101,5
马里兰,3,105102,5
马里兰,4,105103,5
马里兰,5,105104,5
西弗吉尼亚,2,105111,5
西弗吉尼亚,3,105112,5
西弗吉尼亚,4,105113,5
西弗吉尼亚,5,105114,5
北卡罗来纳,3,105121,5
北卡罗来纳,4,105122,5
北卡罗来纳,5,105123,5
北卡罗来纳,6,105124,5
华盛顿,3,105131,5
华盛顿,4,105132,5
华盛顿,5,105133,5
华盛顿,6,105134,5
南达科他,3,105141,5
南达科他,4,105142,5
南达科他,5,105143,5
南达科他,6,105144,5
新泽西,3,105171,5
新泽西,4,105172,5
新泽西,5,105173,5
新泽西,6,105174,5
马萨诸塞,3,105191,5
马萨诸塞,4,105192,5
马萨诸塞,5,105193,5
马萨诸塞,6,105194,5
阿拉巴马,3,105201,5
阿拉巴马,4,105202,5
阿拉巴马,5,105203,5
阿拉巴马,6,105204,5
西弗吉尼亚·改,5,105234,5
长岛,2,106011,6
长岛,3,106012,6
长岛,4,106013,6
长岛,5,106014,6
博格,1,106021,6
博格,2,106022,6
博格,3,106023,6
博格,4,106024,6
卡萨布兰卡,2,106551,6
卡萨布兰卡,3,106552,6
卡萨布兰卡,4,106553,6
卡萨布兰卡,5,106554,6
兰利,1,107011,6
兰利,2,107012,6
兰利,3,107013,6
兰利,4,107014,6
列克星敦,2,107021,7
列克星敦,3,107022,7
列克星敦,4,107023,7
列克星敦,5,107024,7
萨拉托加,2,107031,7
萨拉托加,3,107032,7
萨拉托加,4,107033,7
萨拉托加,5,107034,7
突击者,1,107041,6
突击者,2,107042,6
突击者,3,107043,6
突击者,4,107044,6
约克城,2,107051,7
约克城,3,107052,7
约克城,4,107053,7
约克城,5,107054,7
企业,3,107061,7
企业,4,107062,7
企业,5,107063,7
企业,6,107064,7
大黄蜂,2,107071,7
大黄蜂,3,107072,7
大黄蜂,4,107073,7
大黄蜂,5,107074,7
胡蜂,2,107081,7
胡蜂,3,107082,7
胡蜂,4,107083,7
胡蜂,5,107084,7
埃塞克斯,3,107091,7
埃塞克斯,4,107092,7
埃塞克斯,5,107093,7
埃塞克斯,6,107094,7
约克城II,3,107101,7
约克城II,4,107102,7
约克城II,5,107103,7
约克城II,6,107104,7
无畏,3,107111,7
无畏,4,107112,7
无畏,5,107113,7
无畏,6,107114,7
大黄蜂II,3,107121,7
大黄蜂II,4,107122,7
大黄蜂II,5,107123,7
大黄蜂II,6,107124,7
提康德罗加,3,107141,7
提康德罗加,4,107142,7
提康德罗加,5,107143,7
提康德罗加,6,107144,7
邦克山,3,107171,7
邦克山,4,107172,7
邦克山,5,107173,7
邦克山,6,107174,7
独立,2,107221,6
独立,3,107222,6
独立,4,107223,6
独立,5,107224,6
普林斯顿,2,107231,6
普林斯顿,3,107232,6
普林斯顿,4,107233,6
普林斯顿,5,107234,6
兰利II,2,107271,6
兰利II,3,107272,6
兰利II,4,107273,6
兰利II,5,107274,6
巴丹,2,107291,6
巴丹,3,107292,6
巴丹,4,107293,6
巴丹,5,107294,6
香格里拉,3,107381,7
香格里拉,4,107382,7
香格里拉,5,107383,7
香格里拉,6,107384,7
独立.改,5,107984,6
小企业,2,107991,7
小企业,3,107992,7
小企业,4,107993,7
小企业,5,107994,7
鲦鱼,2,108011,8
鲦鱼,3,108012,8
鲦鱼,4,108013,8
鲦鱼,5,108014,8
大青花鱼,3,108021,8
大青花鱼,4,108022,8
大青花鱼,5,108023,8
大青花鱼,6,108024,8
棘鳍,3,108031,8
棘鳍,4,108032,8
棘鳍,5,108033,8
棘鳍,6,108034,8
蓝鳃鱼,2,108041,8
蓝鳃鱼,3,108042,8
蓝鳃鱼,4,108043,8
蓝鳃鱼,5,108044,8
大青花鱼(μ兵装),2,108051,8
大青花鱼(μ兵装),3,108052,8
大青花鱼(μ兵装),4,108053,8
大青花鱼(μ兵装),5,108054,8
射水鱼,3,108061,8
射水鱼,4,108062,8
射水鱼,5,108063,8
射水鱼,6,108064,8
鹦鹉螺,2,108071,8
鹦鹉螺,3,108072,8
鹦鹉螺,4,108073,8
鹦鹉螺,5,108074,8
女灶神,2,112011,12
女灶神,3,112012,12
女灶神,4,112013,12
女灶神,5,112014,12
西雅图,3,199011,2
西雅图,4,199012,2
西雅图,5,199013,2
西雅图,6,199014,2
佐治亚,3,199021,5
佐治亚,4,199022,5
佐治亚,5,199023,5
佐治亚,6,199024,5
安克雷奇,3,199031,3
安克雷奇,4,199032,3
安克雷奇,5,199033,3
安克雷奇,6,199034,3
奇尔沙治,3,199041,10
奇尔沙治,4,199042,10
奇尔沙治,5,199043,10
奇尔沙治,6,199044,10
女将,2,201011,1
女将,3,201012,1
女将,4,201013,1
女将,5,201014,1
阿卡司塔,2,201021,1
阿卡司塔,3,201022,1
阿卡司塔,4,201023,1
阿卡司塔,5,201024,1
热心,2,201031,1
热心,3,201032,1
热心,4,201033,1
热心,5,201034,1
小猎兔犬,1,201061,1
小猎兔犬,2,201062,1
小猎兔犬,3,201063,1
小猎兔犬,4,201064,1
大斗犬,1,201071,1
大斗犬,2,201072,1
大斗犬,3,201073,1
大斗犬,4,201074,1
彗星,1,201081,1
彗星,2,201082,1
彗星,3,201083,1
彗星,4,201084,1
新月,1,201091,1
新月,2,201092,1
新月,3,201093,1
新月,4,201094,1
小天鹅,1,201101,1
小天鹅,2,201102,1
小天鹅,3,201103,1
小天鹅,4,201104,1
狐提,1,201111,1
狐提,2,201112,1
狐提,3,201113,1
狐提,4,201114,1
命运女神,2,201121,1
命运女神,3,201122,1
命运女神,4,201123,1
命运女神,5,201124,1
格伦维尔,2,201131,1
格伦维尔,3,201132,1
格伦维尔,4,201133,1
格伦维尔,5,201134,1
萤火虫,2,201141,1
萤火虫,3,201142,1
萤火虫,4,201143,1
萤火虫,5,201144,1
勇敢,2,201161,1
勇敢,3,201162,1
勇敢,4,201163,1
勇敢,5,201164,1
猎人,2,201201,1
猎人,3,201202,1
猎人,4,201203,1
猎人,5,201204,1
标枪,2,201211,1
标枪,3,201212,1
标枪,4,201213,1
标枪,5,201214,1
天后,2,201221,1
天后,3,201222,1
天后,4,201223,1
天后,5,201224,1
吸血鬼,2,201231,1
吸血鬼,3,201232,1
吸血鬼,4,201233,1
吸血鬼,5,201234,1
丘比特,2,201241,1
丘比特,3,201242,1
丘比特,4,201243,1
丘比特,5,201244,1
泽西,2,201251,1
泽西,3,201252,1
泽西,4,201253,1
泽西,5,201254,1
无敌,2,201261,1
无敌,3,201262,1
无敌,4,201263,1
无敌,5,201264,1
火枪手,2,201271,1
火枪手,3,201272,1
火枪手,4,201273,1
火枪手,5,201274,1
回声,2,201291,1
回声,3,201292,1
回声,4,201293,1
回声,5,201294,1
爱斯基摩人,2,201321,1
爱斯基摩人,3,201322,1
爱斯基摩人,4,201323,1
爱斯基摩人,5,201324,1
伊卡洛斯,2,201331,1
伊卡洛斯,3,201332,1
伊卡洛斯,4,201333,1
伊卡洛斯,5,201334,1
贾维斯,3,201341,1
贾维斯,4,201342,1
贾维斯,5,201343,1
贾维斯,6,201344,1
雅努斯,3,201351,1
雅努斯,4,201352,1
雅努斯,5,201353,1
雅努斯,6,201354,1
英雄,2,201361,1
英雄,3,201362,1
英雄,4,201363,1
英雄,5,201364,1
女将.改,5,201514,1
利安得,1,202011,2
利安得,2,202012,2
利安得,3,202013,2
利安得,4,202014,2
阿基里斯,2,202021,2
阿基里斯,3,202022,2
阿基里斯,4,202023,2
阿基里斯,5,202024,2
阿贾克斯,2,202031,2
阿贾克斯,3,202032,2
阿贾克斯,4,202033,2
阿贾克斯,5,202034,2
黛朵,3,202041,2
黛朵,4,202042,2
黛朵,5,202043,2
黛朵,6,202044,2
南安普顿,2,202071,2
南安普顿,3,202072,2
南安普顿,4,202073,2
南安普顿,5,202074,2
谢菲尔德,2,202081,2
谢菲尔德,3,202082,2
谢菲尔德,4,202083,2
谢菲尔德,5,202084,2
曼彻斯特,2,202091,2
曼彻斯特,3,202092,2
曼彻斯特,4,202093,2
曼彻斯特,5,202094,2
格罗斯特,2,202101,2
格罗斯特,3,202102,2
格罗斯特,4,202103,2
格罗斯特,5,202104,2
爱丁堡,2,202111,2
爱丁堡,3,202112,2
爱丁堡,4,202113,2
爱丁堡,5,202114,2
贝尔法斯特,3,202121,2
贝尔法斯特,4,202122,2
贝尔法斯特,5,202123,2
贝尔法斯特,6,202124,2
阿瑞托莎,2,202131,2
阿瑞托莎,3,202132,2
阿瑞托莎,4,202133,2
阿瑞托莎,5,202134,2
加拉蒂亚,2,202141,2
加拉蒂亚,3,202142,2
加拉蒂亚,4,202143,2
加拉蒂亚,5,202144,2
欧若拉,2,202151,2
欧若拉,3,202152,2
欧若拉,4,202153,2
欧若拉,5,202154,2
斐济,2,202161,2
斐济,3,202162,2
斐济,4,202163,2
斐济,5,202164,2
牙买加,2,202171,2
牙买加,3,202172,2
牙买加,4,202173,2
牙买加,5,202174,2
小贝法,2,202181,2
小贝法,3,202182,2
小贝法,4,202183,2
小贝法,5,202184,2
纽卡斯尔,2,202191,2
纽卡斯尔,3,202192,2
纽卡斯尔,4,202193,2
纽卡斯尔,5,202194,2
天狼星,3,202201,2
天狼星,4,202202,2
天狼星,5,202203,2
天狼星,6,202204,2
库拉索,2,202211,2
库拉索,3,202212,2
库拉索,4,202213,2
库拉索,5,202214,2
杓鹬,2,202221,2
杓鹬,3,202222,2
杓鹬,4,202223,2
杓鹬,5,202224,2
确捷,3,202231,2
确捷,4,202232,2
确捷,5,202233,2
确捷,6,202234,2
黑太子,2,202241,2
黑太子,3,202242,2
黑太子,4,202243,2
黑太子,5,202244,2
谢菲尔德(μ兵装),2,202251,2
谢菲尔德(μ兵装),3,202252,2
谢菲尔德(μ兵装),4,202253,2
谢菲尔德(μ兵装),5,202254,2
格拉斯哥,2,202261,2
格拉斯哥,3,202262,2
格拉斯哥,4,202263,2
格拉斯哥,5,202264,2
赫敏,3,202271,2
赫敏,4,202272,2
赫敏,5,202273,2
赫敏,6,202274,2
黛朵(μ兵装),3,202281,2
黛朵(μ兵装),4,202282,2
黛朵(μ兵装),5,202283,2
黛朵(μ兵装),6,202284,2
佩内洛珀,2,202291,2
佩内洛珀,3,202292,2
佩内洛珀,4,202293,2
佩内洛珀,5,202294,2
卡律布狄斯,3,202301,2
卡律布狄斯,4,202302,2
卡律布狄斯,5,202303,2
卡律布狄斯,6,202304,2
司战女神,2,202311,2
司战女神,3,202312,2
司战女神,4,202313,2
司战女神,5,202314,2
进取,2,202321,2
进取,3,202322,2
进取,4,202323,2
进取,5,202324,2
斯库拉,3,202331,2
斯库拉,4,202332,2
斯库拉,5,202333,2
斯库拉,6,202334,2
伦敦,2,203011,3
伦敦,3,203012,3
伦敦,4,203013,3
伦敦,5,203014,3
什罗普郡,2,203021,3
什罗普郡,3,203022,3
什罗普郡,4,203023,3
什罗普郡,5,203024,3
肯特,2,203031,3
肯特,3,203032,3
肯特,4,203033,3
肯特,5,203034,3
萨福克,2,203041,3
萨福克,3,203042,3
萨福克,4,203043,3
萨福克,5,203044,3
诺福克,2,203051,3
诺福克,3,203052,3
诺福克,4,203053,3
诺福克,5,203054,3
多塞特郡,2,203061,3
多塞特郡,3,203062,3
多塞特郡,4,203063,3
多塞特郡,5,203064,3
约克,2,203071,3
约克,3,203072,3
约克,4,203073,3
约克,5,203074,3
埃克塞特,2,203081,3
埃克塞特,3,203082,3
埃克塞特,4,203083,3
埃克塞特,5,203084,3
苏塞克斯,2,203091,3
苏塞克斯,3,203092,3
苏塞克斯,4,203093,3
苏塞克斯,5,203094,3
小柴郡,2,203101,3
小柴郡,3,203102,3
小柴郡,4,203103,3
小柴郡,5,203104,3
伦敦.改,5,203114,3
什罗普郡.改,5,203124,3
声望,2,204011,4
声望,3,204012,4
声望,4,204013,4
声望,5,204014,4
反击,2,204021,4
反击,3,204022,4
反击,4,204023,4
反击,5,204024,4
胡德,3,204031,4
胡德,4,204032,4
胡德,5,204033,4
胡德,6,204034,4
小声望,2,204041,4
小声望,3,204042,4
小声望,4,204043,4
小声望,5,204044,4
伊丽莎白女王,2,205011,5
伊丽莎白女王,3,205012,5
伊丽莎白女王,4,205013,5
伊丽莎白女王,5,205014,5
厌战,3,205021,5
厌战,4,205022,5
厌战,5,205023,5
厌战,6,205024,5
纳尔逊,2,205031,5
纳尔逊,3,205032,5
纳尔逊,4,205033,5
纳尔逊,5,205034,5
罗德尼,2,205041,5
罗德尼,3,205042,5
罗德尼,4,205043,5
罗德尼,5,205044,5
英王乔治五世,3,205051,5
英王乔治五世,4,205052,5
英王乔治五世,5,205053,5
英王乔治五世,6,205054,5
威尔士亲王,3,205061,5
威尔士亲王,4,205062,5
威尔士亲王,5,205063,5
威尔士亲王,6,205064,5
约克公爵,3,205071,5
约克公爵,4,205072,5
约克公爵,5,205073,5
约克公爵,6,205074,5
豪,3,205091,5
豪,4,205092,5
豪,5,205093,5
豪,6,205094,5
英勇,2,205101,5
英勇,3,205102,5
英勇,4,205103,5
英勇,5,205104,5
复仇,2,205111,5
复仇,3,205112,5
复仇,4,205113,5
复仇,5,205114,5
厌战.改,6,205124,5
前卫,3,205131,5
前卫,4,205132,5
前卫,5,205133,5
前卫,6,205134,5
皇家橡树,3,205141,5
皇家橡树,4,205142,5
皇家橡树,5,205143,5
皇家橡树,6,205144,5
纳尔逊.改,5,205154,5
竞技神,1,206011,6
竞技神,2,206012,6
竞技神,3,206013,6
竞技神,4,206014,6
百眼巨人,2,206021,6
百眼巨人,3,206022,6
百眼巨人,4,206023,6
百眼巨人,5,206024,6
独角兽,2,206031,6
独角兽,3,206032,6
独角兽,4,206033,6
独角兽,5,206034,6
半人马,3,206041,6
半人马,4,206042,6
半人马,5,206043,6
半人马,6,206044,6
追赶者,2,206051,6
追赶者,3,206052,6
追赶者,4,206053,6
追赶者,5,206054,6
英仙座,3,206061,6
英仙座,4,206062,6
英仙座,5,206063,6
英仙座,6,206064,6
阿尔比恩,3,206071,6
阿尔比恩,4,206072,6
阿尔比恩,5,206073,6
阿尔比恩,6,206074,6
忒修斯,3,206081,6
忒修斯,4,206082,6
忒修斯,5,206083,6
忒修斯,6,206084,6
独角兽.改,5,206134,6
鹰,2,207011,7
鹰,3,207012,7
鹰,4,207013,7
鹰,5,207014,7
皇家方舟,2,207021,7
皇家方舟,3,207022,7
皇家方舟,4,207023,7
皇家方舟,5,207024,7
光辉,3,207031,7
光辉,4,207032,7
光辉,5,207033,7
光辉,6,207034,7
胜利,3,207041,7
胜利,4,207042,7
胜利,5,207043,7
胜利,6,207044,7
可畏,3,207051,7
可畏,4,207052,7
可畏,5,207053,7
可畏,6,207054,7
光荣,2,207061,7
光荣,3,207062,7
光荣,4,207063,7
光荣,5,207064,7
怨仇,3,207071,7
怨仇,4,207072,7
怨仇,5,207073,7
怨仇,6,207074,7
小光辉,2,207091,7
小光辉,3,207092,7
小光辉,4,207093,7
小光辉,5,207094,7
光辉(μ兵装),3,207111,7
光辉(μ兵装),4,207112,7
光辉(μ兵装),5,207113,7
光辉(μ兵装),6,207114,7
不挠,3,207121,7
不挠,4,207122,7
不挠,5,207123,7
不挠,6,207124,7
小可畏,2,207131,7
小可畏,3,207132,7
小可畏,4,207133,7
小可畏,5,207134,7
黑暗界,2,213011,13
黑暗界,3,213012,13
黑暗界,4,213013,13
黑暗界,5,213014,13
恐怖,2,213021,13
恐怖,3,213022,13
恐怖,4,213023,13
恐怖,5,213024,13
阿贝克隆比,2,213041,13
阿贝克隆比,3,213042,13
阿贝克隆比,4,213043,13
阿贝克隆比,5,213044,13
海王星,3,299011,2
海王星,4,299012,2
海王星,5,299013,2
海王星,6,299014,2
君主,3,299021,5
君主,4,299022,5
君主,5,299023,5
君主,6,299024,5
柴郡,3,299031,3
柴郡,4,299032,3
柴郡,5,299033,3
柴郡,6,299034,3
德雷克,3,299041,3
德雷克,4,299042,3
德雷克,5,299043,3
德雷克,6,299044,3
普利茅斯,3,299051,2
普利茅斯,4,299052,2
普利茅斯,5,299053,2
普利茅斯,6,299054,2
吹雪,2,301011,1
吹雪,3,301012,1
吹雪,4,301013,1
吹雪,5,301014,1
白雪,2,301021,1
白雪,3,301022,1
白雪,4,301023,1
白雪,5,301024,1
深雪,2,301041,1
深雪,3,301042,1
深雪,4,301043,1
深雪,5,301044,1
绫波,2,301051,1
绫波,3,301052,1
绫波,4,301053,1
绫波,5,301054,1
晓,2,301091,1
晓,3,301092,1
晓,4,301093,1
晓,5,301094,1
响,2,301101,1
响,3,301102,1
响,4,301103,1
响,5,301104,1
雷,2,301111,1
雷,3,301112,1
雷,4,301113,1
雷,5,301114,1
电,2,301121,1
电,3,301122,1
电,4,301123,1
电,5,301124,1
白露,2,301131,1
白露,3,301132,1
白露,4,301133,1
白露,5,301134,1
夕立,3,301141,1
夕立,4,301142,1
夕立,5,301143,1
夕立,6,301144,1
时雨,2,301151,1
时雨,3,301152,1
时雨,4,301153,1
时雨,5,301154,1
雪风,3,301161,1
雪风,4,301162,1
雪风,5,301163,1
雪风,6,301164,1
阳炎,2,301171,1
阳炎,3,301172,1
阳炎,4,301173,1
阳炎,5,301174,1
不知火,1,301181,1
不知火,2,301182,1
不知火,3,301183,1
不知火,4,301184,1
野分,2,301201,1
野分,3,301202,1
野分,4,301203,1
野分,5,301204,1
初春,2,301211,1
初春,3,301212,1
初春,4,301213,1
初春,5,301214,1
若叶,2,301231,1
若叶,3,301232,1
若叶,4,301233,1
若叶,5,301234,1
初霜,2,301241,1
初霜,3,301242,1
初霜,4,301243,1
初霜,5,301244,1
有明,2,301251,1
有明,3,301252,1
有明,4,301253,1
有明,5,301254,1
夕暮,2,301261,1
夕暮,3,301262,1
夕暮,4,301263,1
夕暮,5,301264,1
黑潮,2,301271,1
黑潮,3,301272,1
黑潮,4,301273,1
黑潮,5,301274,1
亲潮,2,301281,1
亲潮,3,301282,1
亲潮,4,301283,1
亲潮,5,301284,1
岛风,3,301291,1
岛风,4,301292,1
岛风,5,301293,1
岛风,6,301294,1
神风,2,301301,1
神风,3,301302,1
神风,4,301303,1
神风,5,301304,1
松风,2,301311,1
松风,3,301312,1
松风,4,301313,1
松风,5,301314,1
睦月,1,301321,1
睦月,2,301322,1
睦月,3,301323,1
睦月,4,301324,1
如月,1,301331,1
如月,2,301332,1
如月,3,301333,1
如月,4,301334,1
卯月,1,301351,1
卯月,2,301352,1
卯月,3,301353,1
卯月,4,301354,1
水无月,1,301371,1
水无月,2,301372,1
水无月,3,301373,1
水无月,4,301374,1
文月,2,301381,1
文月,3,301382,1
文月,4,301383,1
文月,5,301384,1
长月,2,301391,1
长月,3,301392,1
长月,4,301393,1
长月,5,301394,1
三日月,1,301411,1
三日月,2,301412,1
三日月,3,301413,1
三日月,4,301414,1
海风,2,301471,1
海风,3,301472,1
海风,4,301473,1
海风,5,301474,1
山风,2,301481,1
山风,3,301482,1
山风,4,301483,1
山风,5,301484,1
江风,3,301491,1
江风,4,301492,1
江风,5,301493,1
江风,6,301494,1
霞.改,5,301534,1
清波,2,301541,1
清波,3,301542,1
清波,4,301543,1
清波,5,301544,1
新月,2,301561,1
新月,3,301562,1
新月,4,301563,1
新月,5,301564,1
春月,2,301571,1
春月,3,301572,1
春月,4,301573,1
春月,5,301574,1
宵月,2,301581,1
宵月,3,301582,1
宵月,4,301583,1
宵月,5,301584,1
浦风,2,301591,1
浦风,3,301592,1
浦风,4,301593,1
浦风,5,301594,1
矶风,2,301601,1
矶风,3,301602,1
矶风,4,301603,1
矶风,5,301604,1
滨风,2,301611,1
滨风,3,301612,1
滨风,4,301613,1
滨风,5,301614,1
谷风,2,301621,1
谷风,3,301622,1
谷风,4,301623,1
谷风,5,301624,1
朝潮,2,301631,1
朝潮,3,301632,1
朝潮,4,301633,1
朝潮,5,301634,1
大潮,2,301641,1
大潮,3,301642,1
大潮,4,301643,1
大潮,5,301644,1
满潮,2,301651,1
满潮,3,301652,1
满潮,4,301653,1
满潮,5,301654,1
荒潮,2,301661,1
荒潮,3,301662,1
荒潮,4,301663,1
荒潮,5,301664,1
浦波,2,301721,1
浦波,3,301722,1
浦波,4,301723,1
浦波,5,301724,1
旗风,2,301791,1
旗风,3,301792,1
旗风,4,301793,1
旗风,5,301794,1
卷波,2,301801,1
卷波,3,301802,1
卷波,4,301803,1
卷波,5,301804,1
霞,2,301811,1
霞,3,301812,1
霞,4,301813,1
霞,5,301814,1
花月,2,301821,1
花月,3,301822,1
花月,4,301823,1
花月,5,301824,1
长波,2,301831,1
长波,3,301832,1
长波,4,301833,1
长波,5,301834,1
凉月,3,301841,1
凉月,4,301842,1
凉月,5,301843,1
凉月,6,301844,1
追风,2,301851,1
追风,3,301852,1
追风,4,301853,1
追风,5,301854,1
风云,3,301861,1
风云,4,301862,1
风云,5,301863,1
风云,6,301864,1
夕立.改,6,301874,1
若月,3,301881,1
若月,4,301882,1
若月,5,301883,1
若月,6,301884,1
初月,3,301891,1
初月,4,301892,1
初月,5,301893,1
初月,6,301894,1
朝凪,2,301901,1
朝凪,3,301902,1
朝凪,4,301903,1
朝凪,5,301904,1
夕张,2,302011,2
夕张,3,302012,2
夕张,4,302013,2
夕张,5,302014,2
长良,1,302041,2
长良,2,302042,2
长良,3,302043,2
长良,4,302044,2
五十铃,2,302051,2
五十铃,3,302052,2
五十铃,4,302053,2
五十铃,5,302054,2
名取,2,302061,2
名取,3,302062,2
名取,4,302063,2
名取,5,302064,2
由良,2,302071,2
由良,3,302072,2
由良,4,302073,2
由良,5,302074,2
鬼怒,2,302081,2
鬼怒,3,302082,2
鬼怒,4,302083,2
鬼怒,5,302084,2
阿武隈,1,302091,2
阿武隈,2,302092,2
阿武隈,3,302093,2
阿武隈,4,302094,2
最上,2,302101,2
最上,3,302102,2
最上,4,302103,2
最上,5,302104,2
三隈,2,302111,2
三隈,3,302112,2
三隈,4,302113,2
三隈,5,302114,2
川内,2,302121,2
川内,3,302122,2
川内,4,302123,2
川内,5,302124,2
神通,2,302131,2
神通,3,302132,2
神通,4,302133,2
神通,5,302134,2
那珂,2,302141,2
那珂,3,302142,2
那珂,4,302143,2
那珂,5,302144,2
阿贺野,2,302201,2
阿贺野,3,302202,2
阿贺野,4,302203,2
阿贺野,5,302204,2
能代,3,302211,2
能代,4,302212,2
能代,5,302213,2
能代,6,302214,2
酒匂,3,302231,2
酒匂,4,302232,2
酒匂,5,302233,2
酒匂,6,302234,2
古鹰,1,303011,3
古鹰,2,303012,3
古鹰,3,303013,3
古鹰,4,303014,3
加古,1,303021,3
加古,2,303022,3
加古,3,303023,3
加古,4,303024,3
青叶,1,303031,3
青叶,2,303032,3
青叶,3,303033,3
青叶,4,303034,3
衣笠,1,303041,3
衣笠,2,303042,3
衣笠,3,303043,3
衣笠,4,303044,3
筑摩,3,303061,3
筑摩,4,303062,3
筑摩,5,303063,3
筑摩,6,303064,3
妙高,2,303071,3
妙高,3,303072,3
妙高,4,303073,3
妙高,5,303074,3
那智,2,303081,3
那智,3,303082,3
那智,4,303083,3
那智,5,303084,3
足柄,2,303091,3
足柄,3,303092,3
足柄,4,303093,3
足柄,5,303094,3
羽黑,2,303101,3
羽黑,3,303102,3
羽黑,4,303103,3
羽黑,5,303104,3
高雄,3,303111,3
高雄,4,303112,3
高雄,5,303113,3
高雄,6,303114,3
爱宕,3,303121,3
爱宕,4,303122,3
爱宕,5,303123,3
爱宕,6,303124,3
摩耶,3,303131,3
摩耶,4,303132,3
摩耶,5,303133,3
摩耶,6,303134,3
鸟海,3,303141,3
鸟海,4,303142,3
鸟海,5,303143,3
鸟海,6,303144,3
最上.改,5,303154,3
铃谷,2,303171,3
铃谷,3,303172,3
铃谷,4,303173,3
铃谷,5,303174,3
熊野,2,303181,3
熊野,3,303182,3
熊野,4,303183,3
熊野,5,303184,3
云仙,3,303191,3
云仙,4,303192,3
云仙,5,303193,3
云仙,6,303194,3
金刚,2,304011,4
金刚,3,304012,4
金刚,4,304013,4
金刚,5,304014,4
比叡,2,304021,4
比叡,3,304022,4
比叡,4,304023,4
比叡,5,304024,4
榛名,2,304031,4
榛名,3,304032,4
榛名,4,304033,4
榛名,5,304034,4
雾岛,2,304041,4
雾岛,3,304042,4
雾岛,4,304043,4
雾岛,5,304044,4
天城,3,304051,4
天城,4,304052,4
天城,5,304053,4
天城,6,304054,4
小比叡,2,304061,4
小比叡,3,304062,4
小比叡,4,304063,4
小比叡,5,304064,4
小天城,2,304071,4
小天城,3,304072,4
小天城,4,304073,4
小天城,5,304074,4
扶桑,2,305011,5
扶桑,3,305012,5
扶桑,4,305013,5
扶桑,5,305014,5
山城,2,305021,5
山城,3,305022,5
山城,4,305023,5
山城,5,305024,5
伊势,2,305031,5
伊势,3,305032,5
伊势,4,305033,5
伊势,5,305034,5
日向,2,305041,5
日向,3,305042,5
日向,4,305043,5
日向,5,305044,5
长门,3,305051,5
长门,4,305052,5
长门,5,305053,5
长门,6,305054,5
陆奥,2,305061,5
陆奥,3,305062,5
陆奥,4,305063,5
陆奥,5,305064,5
加贺,3,305071,5
加贺,4,305072,5
加贺,5,305073,5
加贺,6,305074,5
土佐,3,305081,5
土佐,4,305082,5
土佐,5,305083,5
土佐,6,305084,5
武藏,3,305101,5
武藏,4,305102,5
武藏,5,305103,5
武藏,6,305104,5
三笠,3,305111,5
三笠,4,305112,5
三笠,5,305113,5
三笠,6,305114,5
纪伊,3,305121,5
纪伊,4,305122,5
纪伊,5,305123,5
纪伊,6,305124,5
尾张,3,305131,5
尾张,4,305132,5
尾张,5,305133,5
尾张,6,305134,5
骏河,3,305141,5
骏河,4,305142,5
骏河,5,305143,5
骏河,6,305144,5
飞鹰,2,306011,6
飞鹰,3,306012,6
飞鹰,4,306013,6
飞鹰,5,306014,6
隼鹰,2,306021,6
隼鹰,3,306022,6
隼鹰,4,306023,6
隼鹰,5,306024,6
凤翔,2,306031,6
凤翔,3,306032,6
凤翔,4,306033,6
凤翔,5,306034,6
祥凤,2,306051,6
祥凤,3,306052,6
祥凤,4,306053,6
祥凤,5,306054,6
龙骧,2,306061,6
龙骧,3,306062,6
龙骧,4,306063,6
龙骧,5,306064,6
龙凤,3,306071,6
龙凤,4,306072,6
龙凤,5,306073,6
龙凤,6,306074,6
千岁,2,306081,6
千岁,3,306082,6
千岁,4,306083,6
千岁,5,306084,6
千代田,2,306091,6
千代田,3,306092,6
千代田,4,306093,6
千代田,5,306094,6
赤城,3,307011,7
赤城,4,307012,7
赤城,5,307013,7
赤城,6,307014,7
加贺,3,307021,7
加贺,4,307022,7
加贺,5,307023,7
加贺,6,307024,7
苍龙,2,307031,7
苍龙,3,307032,7
苍龙,4,307033,7
苍龙,5,307034,7
飞龙,2,307041,7
飞龙,3,307042,7
飞龙,4,307043,7
飞龙,5,307044,7
翔鹤,3,307051,7
翔鹤,4,307052,7
翔鹤,5,307053,7
翔鹤,6,307054,7
瑞鹤,3,307061,7
瑞鹤,4,307062,7
瑞鹤,5,307063,7
瑞鹤,6,307064,7
大凤,3,307071,7
大凤,4,307072,7
大凤,5,307073,7
大凤,6,307074,7
信浓,3,307081,7
信浓,4,307082,7
信浓,5,307083,7
信浓,6,307084,7
小赤城,2,307091,7
小赤城,3,307092,7
小赤城,4,307093,7
小赤城,5,307094,7
赤城(μ兵装),3,307101,7
赤城(μ兵装),4,307102,7
赤城(μ兵装),5,307103,7
赤城(μ兵装),6,307104,7
大凤(μ兵装),3,307111,7
大凤(μ兵装),4,307112,7
大凤(μ兵装),5,307113,7
大凤(μ兵装),6,307114,7
葛城,3,307121,7
葛城,4,307122,7
葛城,5,307123,7
葛城,6,307124,7
小大凤,2,307131,7
小大凤,3,307132,7
小大凤,4,307133,7
小大凤,5,307134,7
伊19,3,308011,8
伊19,4,308012,8
伊19,5,308013,8
伊19,6,308014,8
伊26,2,308021,8
伊26,3,308022,8
伊26,4,308023,8
伊26,5,308024,8
伊58,2,308031,8
伊58,3,308032,8
伊58,4,308033,8
伊58,5,308034,8
伊25,2,308041,8
伊25,3,308042,8
伊25,4,308043,8
伊25,5,308044,8
伊56,2,308051,8
伊56,3,308052,8
伊56,4,308053,8
伊56,5,308054,8
伊168,3,308061,8
伊168,4,308062,8
伊168,5,308063,8
伊168,6,308064,8
扶桑.改,5,310014,10
山城.改,5,310024,10
伊势.改,5,310034,10
日向.改,5,310044,10
明石,3,312011,12
明石,4,312012,12
明石,5,312013,12
明石,6,312014,12
伊13,3,317011,17
伊13,4,317012,17
伊13,5,317013,17
伊13,6,317014,17
樫野,2,319011,19
樫野,3,319012,19
樫野,4,319013,19
樫野,5,319014,19
伊吹,3,399011,3
伊吹,4,399012,3
伊吹,5,399013,3
伊吹,6,399014,3
出云,3,399021,5
出云,4,399022,5
出云,5,399023,5
出云,6,399024,5
北风,3,399031,1
北风,4,399032,1
北风,5,399033,1
北风,6,399034,1
吾妻,3,399041,18
吾妻,4,399042,18
吾妻,5,399043,18
吾妻,6,399044,18
白龙,3,399051,7
白龙,4,399052,7
白龙,5,399053,7
白龙,6,399054,7
四万十,3,399061,2
四万十,4,399062,2
四万十,5,399063,2
四万十,6,399064,2
Z1,2,401011,1
Z1,3,401012,1
Z1,4,401013,1
Z1,5,401014,1
Z2,2,401021,1
Z2,3,401022,1
Z2,4,401023,1
Z2,5,401024,1
Z16,2,401161,1
Z16,3,401162,1
Z16,4,401163,1
Z16,5,401164,1
Z18,2,401181,1
Z18,3,401182,1
Z18,4,401183,1
Z18,5,401184,1
Z19,2,401191,1
Z19,3,401192,1
Z19,4,401193,1
Z19,5,401194,1
Z20,1,401201,1
Z20,2,401202,1
Z20,3,401203,1
Z20,4,401204,1
Z21,1,401211,1
Z21,2,401212,1
Z21,3,401213,1
Z21,4,401214,1
Z23,2,401231,1
Z23,3,401232,1
Z23,4,401233,1
Z23,5,401234,1
Z24,2,401241,1
Z24,3,401242,1
Z24,4,401243,1
Z24,5,401244,1
Z25,2,401251,1
Z25,3,401252,1
Z25,4,401253,1
Z25,5,401254,1
Z26,2,401261,1
Z26,3,401262,1
Z26,4,401263,1
Z26,5,401264,1
Z28,2,401281,1
Z28,3,401282,1
Z28,4,401283,1
Z28,5,401284,1
Z35,2,401351,1
Z35,3,401352,1
Z35,4,401353,1
Z35,5,401354,1
Z36,2,401361,1
Z36,3,401362,1
Z36,4,401363,1
Z36,5,401364,1
Z46,3,401461,1
Z46,4,401462,1
Z46,5,401463,1
Z46,6,401464,1
奥托·冯·阿尔文斯莱本,3,401991,1
奥托·冯·阿尔文斯莱本,4,401992,1
奥托·冯·阿尔文斯莱本,5,401993,1
奥托·冯·阿尔文斯莱本,6,401994,1
柯尼斯堡,1,402011,2
柯尼斯堡,2,402012,2
柯尼斯堡,3,402013,2
柯尼斯堡,4,402014,2
卡尔斯鲁厄,1,402021,2
卡尔斯鲁厄,2,402022,2
卡尔斯鲁厄,3,402023,2
卡尔斯鲁厄,4,402024,2
科隆,1,402031,2
科隆,2,402032,2
科隆,3,402033,2
科隆,4,402034,2
莱比锡,2,402041,2
莱比锡,3,402042,2
莱比锡,4,402043,2
莱比锡,5,402044,2
纽伦堡,2,402051,2
纽伦堡,3,402052,2
纽伦堡,4,402053,2
纽伦堡,5,402054,2
马格德堡,3,402061,2
马格德堡,4,402062,2
马格德堡,5,402063,2
马格德堡,6,402064,2
埃姆登,3,402071,2
埃姆登,4,402072,2
埃姆登,5,402073,2
埃姆登,6,402074,2
埃尔宾,2,402081,2
埃尔宾,3,402082,2
埃尔宾,4,402083,2
埃尔宾,5,402084,2
雷根斯堡,3,402101,2
雷根斯堡,4,402102,2
雷根斯堡,5,402103,2
雷根斯堡,6,402104,2
科隆.改,4,402134,2
希佩尔海军上将,2,403011,3
希佩尔海军上将,3,403012,3
希佩尔海军上将,4,403013,3
希佩尔海军上将,5,403014,3
布吕歇尔,3,403021,3
布吕歇尔,4,403022,3
布吕歇尔,5,403023,3
布吕歇尔,6,403024,3
欧根亲王,3,403031,3
欧根亲王,4,403032,3
欧根亲王,5,403033,3
欧根亲王,6,403034,3
德意志,2,403041,3
德意志,3,403042,3
德意志,4,403043,3
德意志,5,403044,3
斯佩伯爵海军上将,2,403051,3
斯佩伯爵海军上将,3,403052,3
斯佩伯爵海军上将,4,403053,3
斯佩伯爵海军上将,5,403054,3
希佩尔海军上将(μ兵装),2,403071,3
希佩尔海军上将(μ兵装),3,403072,3
希佩尔海军上将(μ兵装),4,403073,3
希佩尔海军上将(μ兵装),5,403074,3
罗恩(μ兵装),3,403081,3
罗恩(μ兵装),4,403082,3
罗恩(μ兵装),5,403083,3
罗恩(μ兵装),6,403084,3
海因里希亲王,3,403091,3
海因里希亲王,4,403092,3
海因里希亲王,5,403093,3
海因里希亲王,6,403094,3
阿达尔伯特亲王,3,403101,3
阿达尔伯特亲王,4,403102,3
阿达尔伯特亲王,5,403103,3
阿达尔伯特亲王,6,403104,3
约克,2,403111,3
约克,3,403112,3
约克,4,403113,3
约克,5,403114,3
小欧根,2,403121,3
小欧根,3,403122,3
小欧根,4,403123,3
小欧根,5,403124,3
小斯佩,2,403131,3
小斯佩,3,403132,3
小斯佩,4,403133,3
小斯佩,5,403134,3
沙恩霍斯特,2,404011,4
沙恩霍斯特,3,404012,4
沙恩霍斯特,4,404013,4
沙恩霍斯特,5,404014,4
格奈森瑙,2,404021,4
格奈森瑙,3,404022,4
格奈森瑙,4,404023,4
格奈森瑙,5,404024,4
塞德利茨,3,404031,4
塞德利茨,4,404032,4
塞德利茨,5,404033,4
塞德利茨,6,404034,4
吕佐夫,3,404041,4
吕佐夫,4,404042,4
吕佐夫,5,404043,4
吕佐夫,6,404044,4
布伦希尔德,3,404051,4
布伦希尔德,4,404052,4
布伦希尔德,5,404053,4
布伦希尔德,6,404054,4
俾斯麦,3,405011,5
俾斯麦,4,405012,5
俾斯麦,5,405013,5
俾斯麦,6,405014,5
提尔比茨,3,405021,5
提尔比茨,4,405022,5
提尔比茨,5,405023,5
提尔比茨,6,405024,5
乌尔里希·冯·胡滕,3,405031,5
乌尔里希·冯·胡滕,4,405032,5
乌尔里希·冯·胡滕,5,405033,5
乌尔里希·冯·胡滕,6,405034,5
图林根,2,405041,5
图林根,3,405042,5
图林根,4,405043,5
图林根,5,405044,5
俾斯麦Zwei,3,405051,5
俾斯麦Zwei,4,405052,5
俾斯麦Zwei,5,405053,5
俾斯麦Zwei,6,405054,5
威悉,2,406011,6
威悉,3,406012,6
威悉,4,406013,6
威悉,5,406014,6
易北,2,406021,6
易北,3,406022,6
易北,4,406023,6
易北,5,406024,6
亚德,2,406031,6
亚德,3,406032,6
亚德,4,406033,6
亚德,5,406034,6
齐柏林伯爵,3,407011,7
齐柏林伯爵,4,407012,7
齐柏林伯爵,5,407013,7
齐柏林伯爵,6,407014,7
小齐柏林,2,407021,7
小齐柏林,3,407022,7
小齐柏林,4,407023,7
小齐柏林,5,407024,7
彼得·史特拉塞,3,407031,7
彼得·史特拉塞,4,407032,7
彼得·史特拉塞,5,407033,7
彼得·史特拉塞,6,407034,7
U-81,3,408011,8
U-81,4,408012,8
U-81,5,408013,8
U-81,6,408014,8
U-47,3,408021,8
U-47,4,408022,8
U-47,5,408023,8
U-47,6,408024,8
U-557,2,408031,8
U-557,3,408032,8
U-557,4,408033,8
U-557,5,408034,8
U-556,2,408041,8
U-556,3,408042,8
U-556,4,408043,8
U-556,5,408044,8
U-73,2,408051,8
U-73,3,408052,8
U-73,4,408053,8
U-73,5,408054,8
U-101,3,408061,8
U-101,4,408062,8
U-101,5,408063,8
U-101,6,408064,8
U-522,2,408071,8
U-522,3,408072,8
U-522,4,408073,8
U-522,5,408074,8
U-110,2,408081,8
U-110,3,408082,8
U-110,4,408083,8
U-110,5,408084,8
U-96,3,408091,8
U-96,4,408092,8
U-96,5,408093,8
U-96,6,408094,8
U-37,3,408101,8
U-37,4,408102,8
U-37,5,408103,8
U-37,6,408104,8
U-410,2,408111,8
U-410,3,408112,8
U-410,4,408113,8
U-410,5,408114,8
U-1206,2,408121,8
U-1206,3,408122,8
U-1206,4,408123,8
U-1206,5,408124,8
罗恩,3,499011,3
罗恩,4,499012,3
罗恩,5,499013,3
罗恩,6,499014,3
腓特烈大帝,3,499021,5
腓特烈大帝,4,499022,5
腓特烈大帝,5,499023,5
腓特烈大帝,6,499024,5
美因茨,3,499031,2
美因茨,4,499032,2
美因茨,5,499033,2
美因茨,6,499034,2
奥丁,3,499041,4
奥丁,4,499042,4
奥丁,5,499043,4
奥丁,6,499044,4
埃吉尔,3,499051,18
埃吉尔,4,499052,18
埃吉尔,5,499053,18
埃吉尔,6,499054,18
奥古斯特·冯·帕塞瓦尔,3,499061,7
奥古斯特·冯·帕塞瓦尔,4,499062,7
奥古斯特·冯·帕塞瓦尔,5,499063,7
奥古斯特·冯·帕塞瓦尔,6,499064,7
鲁普雷希特亲王,3,499071,4
鲁普雷希特亲王,4,499072,4
鲁普雷希特亲王,5,499073,4
鲁普雷希特亲王,6,499074,4
菲利克斯·舒尔茨,3,499081,1
菲利克斯·舒尔茨,4,499082,1
菲利克斯·舒尔茨,5,499083,1
菲利克斯·舒尔茨,6,499084,1
兴登堡,3,499091,3
兴登堡,4,499092,3
兴登堡,5,499093,3
兴登堡,6,499094,3
鞍山,2,501011,1
鞍山,3,501012,1
鞍山,4,501013,1
鞍山,5,501014,1
抚顺,2,501021,1
抚顺,3,501022,1
抚顺,4,501023,1
抚顺,5,501024,1
长春,2,501031,1
长春,3,501032,1
长春,4,501033,1
长春,5,501034,1
太原,2,501041,1
太原,3,501042,1
太原,4,501043,1
太原,5,501044,1
逸仙,2,502011,2
逸仙,3,502012,2
逸仙,4,502013,2
逸仙,5,502014,2
宁海,2,502021,2
宁海,3,502022,2
宁海,4,502023,2
宁海,5,502024,2
平海,2,502031,2
平海,3,502032,2
平海,4,502033,2
平海,5,502034,2
应瑞,2,502041,2
应瑞,3,502042,2
应瑞,4,502043,2
应瑞,5,502044,2
肇和,2,502051,2
肇和,3,502052,2
肇和,4,502053,2
肇和,5,502054,2
海天,2,502071,2
海天,3,502072,2
海天,4,502073,2
海天,5,502074,2
海圻,2,502081,2
海圻,3,502082,2
海圻,4,502083,2
海圻,5,502084,2
逸仙.改,5,502114,2
镇海,2,506011,6
镇海,3,506012,6
镇海,4,506013,6
镇海,5,506014,6
华甲,2,506021,6
华甲,3,506022,6
华甲,4,506023,6
华甲,5,506024,6
定安,2,519011,19
定安,3,519012,19
定安,4,519013,19
定安,5,519014,19
鞍山.改,5,520014,20
长春.改,5,520034,20
鞍山.改,5,521014,21
长春.改,5,521034,21
哈尔滨,3,599011,2
哈尔滨,4,599012,2
哈尔滨,5,599013,2
哈尔滨,6,599014,2
龙骑兵,2,601021,1
龙骑兵,3,601022,1
龙骑兵,4,601023,1
龙骑兵,5,601024,1
文琴佐·焦贝蒂,2,601031,1
文琴佐·焦贝蒂,3,601032,1
文琴佐·焦贝蒂,4,601033,1
文琴佐·焦贝蒂,5,601034,1
西北风,2,601041,1
西北风,3,601042,1
西北风,4,601043,1
西北风,5,601044,1
西南风,2,601051,1
西南风,3,601052,1
西南风,4,601053,1
西南风,5,601054,1
尼科洛索·达雷科 ,2,601061,1
尼科洛索·达雷科 ,3,601062,1
尼科洛索·达雷科 ,4,601063,1
尼科洛索·达雷科 ,5,601064,1
庞培·马格诺,3,601071,1
庞培·马格诺,4,601072,1
庞培·马格诺,5,601073,1
庞培·马格诺,6,601074,1
阿尔弗雷多·奥里亚尼,2,601081,1
阿尔弗雷多·奥里亚尼,3,601082,1
阿尔弗雷多·奥里亚尼,4,601083,1
阿尔弗雷多·奥里亚尼,5,601084,1
埃曼努埃尔·佩萨格诺,2,601091,1
埃曼努埃尔·佩萨格诺,3,601092,1
埃曼努埃尔·佩萨格诺,4,601093,1
埃曼努埃尔·佩萨格诺,5,601094,1
阿蒂利奥·雷戈洛,3,601101,1
阿蒂利奥·雷戈洛,4,601102,1
阿蒂利奥·雷戈洛,5,601103,1
阿蒂利奥·雷戈洛,6,601104,1
阿布鲁齐公爵,3,602011,2
阿布鲁齐公爵,4,602012,2
阿布鲁齐公爵,5,602013,2
阿布鲁齐公爵,6,602014,2
朱塞佩·加里波第,3,602021,2
朱塞佩·加里波第,4,602022,2
朱塞佩·加里波第,5,602023,2
朱塞佩·加里波第,6,602024,2
特伦托,2,603011,3
特伦托,3,603012,3
特伦托,4,603013,3
特伦托,5,603014,3
扎拉,3,603021,3
扎拉,4,603022,3
扎拉,5,603023,3
扎拉,6,603024,3
波拉,3,603031,3
波拉,4,603032,3
波拉,5,603033,3
波拉,6,603034,3
的里雅斯特,2,603041,3
的里雅斯特,3,603042,3
的里雅斯特,4,603043,3
的里雅斯特,5,603044,3
博尔扎诺,2,603051,3
博尔扎诺,3,603052,3
博尔扎诺,4,603053,3
博尔扎诺,5,603054,3
戈里齐亚,3,603061,3
戈里齐亚,4,603062,3
戈里齐亚,5,603063,3
戈里齐亚,6,603064,3
维托里奥·维内托,3,605011,5
维托里奥·维内托,4,605012,5
维托里奥·维内托,5,605013,5
维托里奥·维内托,6,605014,5
利托里奥,3,605021,5
利托里奥,4,605022,5
利托里奥,5,605023,5
利托里奥,6,605024,5
罗马,3,605031,5
罗马,4,605032,5
罗马,5,605033,5
罗马,6,605034,5
加富尔伯爵,2,605051,5
加富尔伯爵,3,605052,5
加富尔伯爵,4,605053,5
加富尔伯爵,5,605054,5
朱利奥·凯撒,2,605061,5
朱利奥·凯撒,3,605062,5
朱利奥·凯撒,4,605063,5
朱利奥·凯撒,5,605064,5
安德烈亚·多利亚,2,605071,5
安德烈亚·多利亚,3,605072,5
安德烈亚·多利亚,4,605073,5
安德烈亚·多利亚,5,605074,5
天鹰,3,607011,7
天鹰,4,607012,7
天鹰,5,607013,7
天鹰,6,607014,7
帝国,3,607021,7
帝国,4,607022,7
帝国,5,607023,7
帝国,6,607024,7
托里拆利 ,2,608011,8
托里拆利 ,3,608012,8
托里拆利 ,4,608013,8
托里拆利 ,5,608014,8
莱昂纳多·达·芬奇,3,608021,8
莱昂纳多·达·芬奇,4,608022,8
莱昂纳多·达·芬奇,5,608023,8
莱昂纳多·达·芬奇,6,608024,8
马可波罗,3,699011,5
马可波罗,4,699012,5
马可波罗,5,699013,5
马可波罗,6,699014,5
威严,2,701021,1
威严,3,701022,1
威严,4,701023,1
威严,5,701024,1
明斯克,2,701031,1
明斯克,3,701032,1
明斯克,4,701033,1
明斯克,5,701034,1
塔什干,3,701041,1
塔什干,4,701042,1
塔什干,5,701043,1
塔什干,6,701044,1
塔什干(μ兵装),3,701051,1
塔什干(μ兵装),4,701052,1
塔什干(μ兵装),5,701053,1
塔什干(μ兵装),6,701054,1
神速,2,701061,1
神速,3,701062,1
神速,4,701063,1
神速,5,701064,1
雷鸣,2,701071,1
雷鸣,3,701072,1
雷鸣,4,701073,1
雷鸣,5,701074,1
洪亮,2,701081,1
洪亮,3,701082,1
洪亮,4,701083,1
洪亮,5,701084,1
灵敏,2,701091,1
灵敏,3,701092,1
灵敏,4,701093,1
灵敏,5,701094,1
基辅,3,701101,1
基辅,4,701102,1
基辅,5,701103,1
基辅,6,701104,1
阿芙乐尔,3,702011,2
阿芙乐尔,4,702012,2
阿芙乐尔,5,702013,2
阿芙乐尔,6,702014,2
水星纪念,2,702021,2
水星纪念,3,702022,2
水星纪念,4,702023,2
水星纪念,5,702024,2
恰巴耶夫,3,702031,2
恰巴耶夫,4,702032,2
恰巴耶夫,5,702033,2
恰巴耶夫,6,702034,2
基洛夫,3,702041,2
基洛夫,4,702042,2
基洛夫,5,702043,2
基洛夫,6,702044,2
古比雪夫,3,702051,2
古比雪夫,4,702052,2
古比雪夫,5,702053,2
古比雪夫,6,702054,2
摩尔曼斯克,2,702061,2
摩尔曼斯克,3,702062,2
摩尔曼斯克,4,702063,2
摩尔曼斯克,5,702064,2
伏罗希洛夫,3,702071,2
伏罗希洛夫,4,702072,2
伏罗希洛夫,5,702073,2
伏罗希洛夫,6,702074,2
水星纪念.改,5,702124,2
塔林,3,703011,3
塔林,4,703012,3
塔林,5,703013,3
塔林,6,703014,3
库尔斯克,3,703021,3
库尔斯克,4,703022,3
库尔斯克,5,703023,3
库尔斯克,6,703024,3
甘古特,2,705011,5
甘古特,3,705012,5
甘古特,4,705013,5
甘古特,5,705014,5
苏维埃贝拉罗斯,3,705041,5
苏维埃贝拉罗斯,4,705042,5
苏维埃贝拉罗斯,5,705043,5
苏维埃贝拉罗斯,6,705044,5
苏维埃罗西亚,3,705051,5
苏维埃罗西亚,4,705052,5
苏维埃罗西亚,5,705053,5
苏维埃罗西亚,6,705054,5
阿尔汉格尔斯克,2,705061,5
阿尔汉格尔斯克,3,705062,5
阿尔汉格尔斯克,4,705063,5
阿尔汉格尔斯克,5,705064,5
塞瓦斯托波尔,2,705071,5
塞瓦斯托波尔,3,705072,5
塞瓦斯托波尔,4,705073,5
塞瓦斯托波尔,5,705074,5
伏尔加,3,707011,7
伏尔加,4,707012,7
伏尔加,5,707013,7
伏尔加,6,707014,7
喀琅施塔得,3,718011,18
喀琅施塔得,4,718012,18
喀琅施塔得,5,718013,18
喀琅施塔得,6,718014,18
契卡洛夫,3,799011,7
契卡洛夫,4,799012,7
契卡洛夫,5,799013,7
契卡洛夫,6,799014,7
凯旋,3,801011,1
凯旋,4,801012,1
凯旋,5,801013,1
凯旋,6,801014,1
福尔班,2,801021,1
福尔班,3,801022,1
福尔班,4,801023,1
福尔班,5,801024,1
鲁莽,2,801031,1
鲁莽,3,801032,1
鲁莽,4,801033,1
鲁莽,5,801034,1
倔强,2,801041,1
倔强,3,801042,1
倔强,4,801043,1
倔强,5,801044,1
可怖,3,801071,1
可怖,4,801072,1
可怖,5,801073,1
可怖,6,801074,1
马耶·布雷泽,2,801081,1
马耶·布雷泽,3,801082,1
马耶·布雷泽,4,801083,1
马耶·布雷泽,5,801084,1
埃米尔·贝尔汀,2,802011,2
埃米尔·贝尔汀,3,802012,2
埃米尔·贝尔汀,4,802013,2
埃米尔·贝尔汀,5,802014,2
圣女贞德,3,802021,2
圣女贞德,4,802022,2
圣女贞德,5,802023,2
圣女贞德,6,802024,2
吉尚,3,802031,2
吉尚,4,802032,2
吉尚,5,802033,2
吉尚,6,802034,2
絮弗伦,2,803011,3
絮弗伦,3,803012,3
絮弗伦,4,803013,3
絮弗伦,5,803014,3
黎塞留,3,805011,5
黎塞留,4,805012,5
黎塞留,5,805013,5
黎塞留,6,805014,5
里昂,2,805021,5
里昂,3,805022,5
里昂,4,805023,5
里昂,5,805024,5
贝亚恩,2,807011,7
贝亚恩,3,807012,7
贝亚恩,4,807013,7
贝亚恩,5,807014,7
伴尔维,3,807021,7
伴尔维,4,807022,7
伴尔维,5,807023,7
伴尔维,6,807024,7
絮库夫,2,808011,8
絮库夫,3,808012,8
絮库夫,4,808013,8
絮库夫,5,808014,8
路易九世,3,899011,3
路易九世,4,899012,3
路易九世,5,899013,3
路易九世,6,899014,3
香槟,3,899021,5
香槟,4,899022,5
香槟,5,899023,5
香槟,6,899024,5
布雷斯特,3,899031,18
布雷斯特,4,899032,18
布雷斯特,5,899033,18
布雷斯特,6,899034,18
柯尼斯堡,1,900001,2
卡尔斯鲁厄,1,900002,2
科隆,1,900003,2
萨福克,5,900004,3
诺福克,5,900005,3
胡德,6,900006,4
威尔士亲王,5,900007,5
皇家方舟,4,900008,7
欧根亲王,4,900009,3
俾斯麦,4,900010,5
？？？？？,4,900011,5
？？？？？,4,900012,5
利根,4,900013,5
雾岛,4,900014,5
最上,4,900015,5
爱宕,4,900016,5
金刚,4,900017,5
凤翔,2,900018,6
黑暗界,2,900019,13
逸仙,5,900020,2
？？？？？,4,900021,5
宁海,5,900022,2
平海,5,900023,2
逸仙,5,900024,2
宁海,5,900025,2
平海,5,900026,2
翔鹤,3,900027,7
瑞鹤,3,900028,7
山城.改,2,900029,5
长岛,5,900034,6
克利夫兰,2,900035,2
阳炎,2,900036,1
绫波,2,900037,1
祥凤,2,900038,6
独角兽,5,900039,6
绫波,2,900040,1
高雄,3,900041,3
爱宕,4,900042,5
翔鹤,3,900043,7
瑞鹤,3,900044,7
三笠,4,900045,5
比叡,4,900046,5
光辉,6,900047,7
雷,5,900048,1
电,5,900049,1
三笠,4,900050,5
比叡,4,900051,5
Z23,5,900052,1
埃尔德里奇,6,900054,1
企业,6,900055,7
山城,5,900056,5
小天鹅,4,900057,1
圣地亚哥,6,900058,2
睦月,4,900059,1
格里德利,5,900060,1
赤城,6,900061,7
加贺,6,900062,7
明石,6,900063,12
苍龙,5,900064,7
拉菲,5,900065,1
夕立,6,900066,1
欧根亲王,6,900067,3
如月,4,900068,1
爱宕,6,900069,3
？？？？？,6,900070,7
？？？？？,4,900071,5
？？？？？,6,900072,7
高雄,6,900073,3
萨拉托加,5,900074,7
山城,5,900075,5
布兰,5,900076,1
贝露,5,900077,7
小天鹅,4,900078,1
吹雪,2,900080,1
苍龙,5,900081,7
飞龙,2,900082,7
Z1,5,900083,1
克雷文,1,900084,1
火奴鲁鲁,2,900085,2
爱丁堡,2,900086,2
埃尔德里奇,3,900087,1
鸟海,3,900088,3
黎塞留,2,900089,2
圣女贞德,2,900090,2
黎塞留,2,900091,2
让巴尔,2,900092,2
吸血鬼,2,900093,1
标枪,2,900094,1
加贺,2,900095,1
赤城,2,900096,1
爱宕,2,900097,1
高雄,2,900098,1
平海,2,900099,1
时雨,2,900100,1
胡德,2,900101,1
哈曼,2,900102,1
萨拉托加,2,900103,1
皇家方舟,2,900104,1
罗德尼,2,900105,1
敦刻尔克,2,900106,1
埃米尔·贝尔汀,2,900107,1
Z25,2,900108,1
Z46,2,900109,1
齐柏林伯爵,2,900110,1
提尔比茨,2,900111,1
吹雪,2,900112,1
明石,2,900113,1
山城,2,900114,1
大凤,2,900115,1
克利夫兰,2,900116,1
光辉,2,900117,1
伊丽莎白,2,900118,1
阿贾克斯,2,900119,1
南达科他,2,900120,1
欧若拉,2,900121,1
女将,2,900122,1
U-81,2,900123,1
萨拉托加,2,900124,1
标枪,2,900125,1
绫波,2,900126,1
拉菲,2,900127,1
Z23,2,900128,1
尼古拉斯,2,900129,1
哈曼,2,900130,1
纽卡斯尔,2,900131,1
海伦娜,5,900132,2
北卡罗来纳,6,900133,5
华盛顿,6,900134,5
？？？？？,6,900135,7
观察者-零,6,900136,7
五十铃,2,900137,1
贝利,2,900138,1
恐怖,2,900139,1
纳尔逊,2,900140,1
祥凤,2,900141,1
克利夫兰,2,900142,1
绫波,2,900143,1
阳炎,2,900144,1
厌战,2,900145,1
尼古拉斯,2,900146,1
浦风,2,900147,1
大潮,2,900148,1
火奴鲁鲁,2,900149,1
荒潮,2,900150,1
埃尔德里奇,2,900151,1
伊吹,2,900152,1
出云,2,900153,1
威尔士亲王,2,900154,1
圣路易斯,2,900155,1
矶风,2,900156,1
海伦娜,2,900157,1
蒙彼利埃,2,900158,1
足柄,2,900159,1
小天鹅,2,900160,1
厌战,6,900161,5
长春,5,900162,1
长春,5,900163,1
太原,5,900164,1
金伯利,5,900165,1
马拉尼,5,900166,1
绫波,5,900167,1
夕暮,5,900168,1
拉菲,5,900169,1
企业,5,900170,1
列克星敦,5,900171,1
贝尔法斯特,5,900172,1
半人马,5,900173,1
君主,5,900174,1
库拉索,5,900175,1
杓鹬,5,900176,1
追赶者,5,900177,1
天狼星,5,900178,1
U-556,2,900180,8
U-556,2,900181,8
U-556,2,900182,8
企业,6,900184,7
丹佛,5,900185,2
哥伦比亚,5,900186,2
蒙彼利埃,6,900187,2
克利夫兰,5,900188,2
圣女贞德,5,900191,2
鲁莽,5,900192,1
倔强,5,900193,1
黎塞留,6,900194,5
光辉,6,900195,5
贝亚恩,6,900196,7
泛用型布里,4,900235,2
拉菲,5,900240,1
标枪,5,900241,1
Z23,5,900242,1
绫波,5,900243,1
提尔比茨,6,900244,5
齐柏林伯爵,6,900245,7
格奈森瑙,5,900246,4
翔鹤,6,900247,7
瑞鹤,6,900248,7
山城.改,5,900249,10
北卡罗来纳,6,900250,5
华盛顿,6,900251,5
企业,6,900252,7
约克公爵,6,900253,5
胜利,6,900254,7
三笠,6,900255,5
马萨诸塞,6,900256,5
胡德,6,900257,4
皇家方舟,5,900258,7
赤城,6,900259,7
加贺,6,900260,7
声望,5,900261,4
英王乔治五世,6,900262,5
厌战,6,900263,5
光辉,6,900264,7
可畏,6,900265,7
苏维埃罗西亚,6,900266,5
甘古特,5,900267,5
萨拉托加,5,900268,7
埃塞克斯,6,900269,7
无畏,6,900270,7
邦克山,6,900271,7
黎塞留,6,900272,5
贝亚恩,5,900273,7
豪,6,900274,5
英勇,5,900275,5
英仙座,6,900276,6
鹰,5,900277,7
长门,6,900278,5
突击者,4,900279,6
加贺,6,900280,5
凤翔,5,900281,6
罗德尼,5,900282,5
J-10,6,900290,1
J-15,6,900291,1
FC-1,6,900292,1
FC-31,6,900293,1
埃姆登,5,900300,2
巴尔的摩,6,900301,3
埃吉尔,6,900302,18
塞德利茨,3,900303,4
佐治亚,6,900304,5
吕佐夫,3,900305,4
泛用型布里,4,900310,2
试作型布里MKII,5,900311,1
泛用型布里,4,900312,1
特装型布里MKIII,6,900314,1
岛风,6,900315,1
筑摩,6,900316,3
欧根亲王,6,900317,3
骏河,6,900318,5
葛城,6,900319,7
奥丁,6,900320,4
试作型布里MKII,5,900324,1
巴尔的摩,6,900330,3
克利夫兰,5,900331,2
孟菲斯,5,900332,2
飞龙·META,6,900333,7
皇家方舟·META,6,900334,7
企业,6,900335,7
贝尔法斯特,6,900340,2
爱丁堡,5,900341,2
天狼星,6,900342,2
埃塞克斯,6,900343,7
香格里拉,6,900344,7
厌战,6,900345,5
U-47,6,900346,8
神通,5,900350,2
新泽西,6,900351,5
小克利夫兰,5,900352,2
小海伦娜,5,900353,2
小圣地亚哥,5,900354,2
小企业,5,900355,7
小赤城,5,900356,7
小光辉,5,900357,7
拉菲,5,900358,5
标枪,5,900359,1
绫波,5,900360,1
Z23,5,900361,1
斯库拉,6,900362,2
英雄,5,900363,1
黎塞留,6,900364,18
怨仇,6,900365,7
皇家橡树,6,900366,5
百眼巨人,5,900367,6
明斯克,5,900368,1
恰巴耶夫,6,900369,2
苏维埃罗西亚,6,900370,5
伏尔加,6,900371,7
库尔斯克,6,900372,3
伏罗希洛夫,6,900373,2
塞瓦斯托波尔,5,900374,5
泛用型布里,4,900375,1
试作型布里MKII,5,900376,1
特装型布里MKIII,6,900377,1
俾斯麦Zwei,6,900378,5
乌尔里希·冯·胡滕,6,900379,5
瑞鹤,6,900380,7
雷根斯堡,6,900381,2
奥托·冯·阿尔文斯莱本,6,900382,1
格奈森瑙·META,6,900383,18
圣女贞德,5,900384,2
谢菲尔德,5,900385,2
能代,6,900386,2
骏河,6,900387,5
帝国,6,900388,7
里昂,5,900389,5
孟菲斯·META,5,900390,2
阿布鲁齐公爵,6,900391,2
喀琅施塔得,6,900392,18
飞龙·META,6,900393,7
皇家方舟·META,6,900394,7
光辉,6,900395,7
路易九世,6,900396,3
鲁普雷希特亲王,6,900397,18
弗兰德尔,6,900398,18
加斯科涅,6,900399,5
香槟,6,900400,5
奥丁,6,900401,5
伊吹,6,900402,3
四万十,6,900403,2
云仙,6,900404,3
白上吹雪,6,900801,1
夏色祭,5,900802,1
百鬼绫目,5,900803,3
时乃空,6,900804,7
紫咲诗音,5,900805,6
大神澪,5,900806,7
湊阿库娅,6,900807,8
狂战帝王古立特,6,900808,2
西雅图,6,900907,2
佐治亚,6,900908,5
北风,6,900909,1
吾妻,6,900910,18
腓特烈大帝,6,900911,5
加斯科涅,6,900912,5
柴郡,6,900913,3
德雷克,6,900914,3
美因茨,6,900915,2
奥丁,6,900916,4
香槟,6,900917,5
安克雷奇,6,900918,3
白龙,6,900919,7
埃吉尔,6,900920,18
奥古斯特·冯·帕塞瓦尔,6,900921,7
马可波罗,6,900922,5
普利茅斯,6,900923,2
鲁普雷希特亲王,6,900924,4
哈尔滨,6,900925,2
契卡洛夫,6,900926,7
布雷斯特,6,900927,18
奇尔沙治,6,900928,10
四万十,6,900929,2
菲利克斯·舒尔茨,6,900930,1
兴登堡,6,900931,3
弗兰德尔,6,900932,5
勒马尔,2,901011,1
勒马尔,3,901012,1
勒马尔,4,901013,1
勒马尔,5,901014,1
塔尔图,2,901021,1
塔尔图,3,901022,1
塔尔图,4,901023,1
塔尔图,5,901024,1
沃克兰,2,901031,1
沃克兰,3,901032,1
沃克兰,4,901033,1
沃克兰,5,901034,1
凯尔圣,2,901041,1
凯尔圣,3,901042,1
凯尔圣,4,901043,1
凯尔圣,5,901044,1
恶毒,3,901111,1
恶毒,4,901112,1
恶毒,5,901113,1
恶毒,6,901114,1
恶毒(μ兵装),3,901121,1
恶毒(μ兵装),4,901122,1
恶毒(μ兵装),5,901123,1
恶毒(μ兵装),6,901124,1
不屈,3,901131,1
不屈,4,901132,1
不屈,5,901133,1
不屈,6,901134,1
拉·加利索尼埃,2,902011,2
拉·加利索尼埃,3,902012,2
拉·加利索尼埃,4,902013,2
拉·加利索尼埃,5,902014,2
马赛曲,3,902021,2
马赛曲,4,902022,2
马赛曲,5,902023,2
马赛曲,6,902024,2
福煦,2,903011,3
福煦,3,903012,3
福煦,4,903013,3
福煦,5,903014,3
阿尔及利亚,3,903021,3
阿尔及利亚,4,903022,3
阿尔及利亚,5,903023,3
阿尔及利亚,6,903024,3
敦刻尔克,2,904011,4
敦刻尔克,3,904012,4
敦刻尔克,4,904013,4
敦刻尔克,5,904014,4
让·巴尔,3,905011,5
让·巴尔,4,905012,5
让·巴尔,5,905013,5
让·巴尔,6,905014,5
克莱蒙梭,3,905021,5
克莱蒙梭,4,905022,5
克莱蒙梭,5,905023,5
克莱蒙梭,6,905024,5
加斯科涅(μ兵装),3,905031,5
加斯科涅(μ兵装),4,905032,5
加斯科涅(μ兵装),5,905033,5
加斯科涅(μ兵装),6,905034,5
霞飞,3,907011,7
霞飞,4,907012,7
霞飞,5,907013,7
霞飞,6,907014,7
加斯科涅,3,999011,5
加斯科涅,4,999012,5
加斯科涅,5,999013,5
加斯科涅,6,999014,5
弗兰德尔,3,999021,5
弗兰德尔,4,999022,5
弗兰德尔,5,999023,5
弗兰德尔,6,999024,5
皇家财富号,3,9600011,22
皇家财富号,4,9600012,22
皇家财富号,5,9600013,22
皇家财富号,6,9600014,22
猎人·META,2,9701011,1
猎人·META,3,9701012,1
猎人·META,4,9701013,1
猎人·META,5,9701014,1
命运女神·META,2,9701021,1
命运女神·META,3,9701022,1
命运女神·META,4,9701023,1
命运女神·META,5,9701024,1
旗风·META,2,9701031,1
旗风·META,3,9701032,1
旗风·META,4,9701033,1
旗风·META,5,9701034,1
海伦娜·META,3,9702011,2
海伦娜·META,4,9702012,2
海伦娜·META,5,9702013,2
海伦娜·META,6,9702014,2
孟菲斯·META,2,9702021,2
孟菲斯·META,3,9702022,2
孟菲斯·META,4,9702023,2
孟菲斯·META,5,9702024,2
谢菲尔德·META,2,9702031,2
谢菲尔德·META,3,9702032,2
谢菲尔德·META,4,9702033,2
谢菲尔德·META,5,9702034,2
拉·加利索尼埃·META,2,9702041,2
拉·加利索尼埃·META,3,9702042,2
拉·加利索尼埃·META,4,9702043,2
拉·加利索尼埃·META,5,9702044,2
神通·META,3,9702051,2
神通·META,4,9702052,2
神通·META,5,9702053,2
神通·META,6,9702054,2
特伦托·META,2,9703011,3
特伦托·META,3,9703012,3
特伦托·META,4,9703013,3
特伦托·META,5,9703014,3
阿尔及利亚·META,3,9703021,3
阿尔及利亚·META,4,9703022,3
阿尔及利亚·META,5,9703023,3
阿尔及利亚·META,6,9703024,3
格奈森瑙·META,3,9704011,4
格奈森瑙·META,4,9704012,4
格奈森瑙·META,5,9704013,4
格奈森瑙·META,6,9704014,4
沙恩霍斯特·META,3,9704021,4
沙恩霍斯特·META,4,9704022,4
沙恩霍斯特·META,5,9704023,4
沙恩霍斯特·META,6,9704024,4
反击·META,3,9704031,4
反击·META,4,9704032,4
反击·META,5,9704033,4
反击·META,6,9704034,4
声望·META,3,9704041,4
声望·META,4,9704042,4
声望·META,5,9704043,4
声望·META,6,9704044,4
扶桑·META,2,9705011,5
扶桑·META,3,9705012,5
扶桑·META,4,9705013,5
扶桑·META,5,9705014,5
山城·META,2,9705021,5
山城·META,3,9705022,5
山城·META,4,9705023,5
山城·META,5,9705024,5
亚利桑那·META,3,9705031,5
亚利桑那·META,4,9705032,5
亚利桑那·META,5,9705033,5
亚利桑那·META,6,9705034,5
伊丽莎白女王·META,3,9705041,5
伊丽莎白女王·META,4,9705042,5
伊丽莎白女王·META,5,9705043,5
伊丽莎白女王·META,6,9705044,5
飞鹰·META,2,9706011,6
飞鹰·META,3,9706012,6
飞鹰·META,4,9706013,6
飞鹰·META,5,9706014,6
隼鹰·META,2,9706021,6
隼鹰·META,3,9706022,6
隼鹰·META,4,9706023,6
隼鹰·META,5,9706024,6
飞龙·META,3,9707011,7
飞龙·META,4,9707012,7
飞龙·META,5,9707013,7
飞龙·META,6,9707014,7
皇家方舟·META,3,9707021,7
皇家方舟·META,4,9707022,7
皇家方舟·META,5,9707023,7
皇家方舟·META,6,9707024,7
苍龙·META,3,9707031,7
苍龙·META,4,9707032,7
苍龙·META,5,9707033,7
苍龙·META,6,9707034,7
U-556·META,3,9708011,8
U-556·META,4,9708012,8
U-556·META,5,9708013,8
U-556·META,6,9708014,8
女灶神·META,2,9712011,12
女灶神·META,3,9712012,12
女灶神·META,4,9712013,12
女灶神·META,5,9712014,12
涅普顿,2,10100011,2
涅普顿,3,10100012,2
涅普顿,4,10100013,2
涅普顿,5,10100014,2
诺瓦露,2,10100021,3
诺瓦露,3,10100022,3
诺瓦露,4,10100023,3
诺瓦露,5,10100024,3
布兰,2,10100031,1
布兰,3,10100032,1
布兰,4,10100033,1
布兰,5,10100034,1
贝露,2,10100041,7
贝露,3,10100042,7
贝露,4,10100043,7
贝露,5,10100044,7
绀紫之心,3,10100051,2
绀紫之心,4,10100052,2
绀紫之心,5,10100053,2
绀紫之心,6,10100054,2
圣黑之心,3,10100061,3
圣黑之心,4,10100062,3
圣黑之心,5,10100063,3
圣黑之心,6,10100064,3
群白之心,3,10100071,1
群白之心,4,10100072,1
群白之心,5,10100073,1
群白之心,6,10100074,1
翡绿之心,3,10100081,7
翡绿之心,4,10100082,7
翡绿之心,5,10100083,7
翡绿之心,6,10100084,7
22,2,10200011,1
22,3,10200012,1
22,4,10200013,1
22,5,10200014,1
33,2,10200021,1
33,3,10200022,1
33,4,10200023,1
33,5,10200024,1
久远,3,10300011,3
久远,4,10300012,3
久远,5,10300013,3
久远,6,10300014,3
猫音,3,10300021,1
猫音,4,10300022,1
猫音,5,10300023,1
猫音,6,10300024,1
露露缇耶,3,10300031,2
露露缇耶,4,10300032,2
露露缇耶,5,10300033,2
露露缇耶,6,10300034,2
乌璐露,2,10300041,6
乌璐露,3,10300042,6
乌璐露,4,10300043,6
乌璐露,5,10300044,6
萨拉娜,2,10300051,6
萨拉娜,3,10300052,6
萨拉娜,4,10300053,6
萨拉娜,5,10300054,6
芙米露露,2,10300061,7
芙米露露,3,10300062,7
芙米露露,4,10300063,7
芙米露露,5,10300064,7
绊爱,2,10400011,1
绊爱,3,10400012,1
绊爱,4,10400013,1
绊爱,5,10400014,1
绊爱·Elegant,3,10400021,3
绊爱·Elegant,4,10400022,3
绊爱·Elegant,5,10400023,3
绊爱·Elegant,6,10400024,3
绊爱·Anniversary,3,10400031,7
绊爱·Anniversary,4,10400032,7
绊爱·Anniversary,5,10400033,7
绊爱·Anniversary,6,10400034,7
绊爱·SuperGamer,3,10400041,5
绊爱·SuperGamer,4,10400042,5
绊爱·SuperGamer,5,10400043,5
绊爱·SuperGamer,6,10400044,5
白上吹雪,3,10500011,1
白上吹雪,4,10500012,1
白上吹雪,5,10500013,1
白上吹雪,6,10500014,1
时乃空,3,10500021,7
时乃空,4,10500022,7
时乃空,5,10500023,7
时乃空,6,10500024,7
湊阿库娅,3,10500031,8
湊阿库娅,4,10500032,8
湊阿库娅,5,10500033,8
湊阿库娅,6,10500034,8
夏色祭,2,10500041,1
夏色祭,3,10500042,1
夏色祭,4,10500043,1
夏色祭,5,10500044,1
百鬼绫目,2,10500051,3
百鬼绫目,3,10500052,3
百鬼绫目,4,10500053,3
百鬼绫目,5,10500054,3
紫咲诗音,2,10500061,6
紫咲诗音,3,10500062,6
紫咲诗音,4,10500063,6
紫咲诗音,5,10500064,6
大神澪,2,10500071,7
大神澪,3,10500072,7
大神澪,4,10500073,7
大神澪,5,10500074,7
玛莉萝丝,3,10600011,1
玛莉萝丝,4,10600012,1
玛莉萝丝,5,10600013,1
玛莉萝丝,6,10600014,1
穗香,3,10600021,5
穗香,4,10600022,5
穗香,5,10600023,5
穗香,6,10600024,5
霞,3,10600031,3
霞,4,10600032,3
霞,5,10600033,3
霞,6,10600034,3
海咲,3,10600041,2
海咲,4,10600042,2
海咲,5,10600043,2
海咲,6,10600044,2
凪咲,2,10600051,5
凪咲,3,10600052,5
凪咲,4,10600053,5
凪咲,5,10600054,5
女天狗,2,10600061,7
女天狗,3,10600062,7
女天狗,4,10600063,7
女天狗,5,10600064,7
莫妮卡,2,10600071,2
莫妮卡,3,10600072,2
莫妮卡,4,10600073,2
莫妮卡,5,10600074,2
露娜,3,10600081,6
露娜,4,10600082,6
露娜,5,10600083,6
露娜,6,10600084,6
环,3,10600091,4
环,4,10600092,4
环,5,10600093,4
环,6,10600094,4
天海春香,3,10700011,2
天海春香,4,10700012,2
天海春香,5,10700013,2
天海春香,6,10700014,2
如月千早,3,10700021,7
如月千早,4,10700022,7
如月千早,5,10700023,7
如月千早,6,10700024,7
水濑伊织,3,10700031,5
水濑伊织,4,10700032,5
水濑伊织,5,10700033,5
水濑伊织,6,10700034,5
三浦 梓,3,10700041,3
三浦 梓,4,10700042,3
三浦 梓,5,10700043,3
三浦 梓,6,10700044,3
秋月律子,2,10700051,19
秋月律子,3,10700052,19
秋月律子,4,10700053,19
秋月律子,5,10700054,19
双海亚美,2,10700061,8
双海亚美,3,10700062,8
双海亚美,4,10700063,8
双海亚美,5,10700064,8
双海真美,2,10700071,8
双海真美,3,10700072,8
双海真美,4,10700073,8
双海真美,5,10700074,8
宝多六花 ,3,10800011,2
宝多六花 ,4,10800012,2
宝多六花 ,5,10800013,2
宝多六花 ,6,10800014,2
新条茜 ,3,10800021,5
新条茜 ,4,10800022,5
新条茜 ,5,10800023,5
新条茜 ,6,10800024,5
莲,2,10800031,2
莲,3,10800032,2
莲,4,10800033,2
莲,5,10800034,2
奈美子,2,10800041,3
奈美子,3,10800042,3
奈美子,4,10800043,3
奈美子,5,10800044,3
南梦芽,3,10800051,3
南梦芽,4,10800052,3
南梦芽,5,10800053,3
南梦芽,6,10800054,3
飞鸟川千濑,3,10800061,7
飞鸟川千濑,4,10800062,7
飞鸟川千濑,5,10800063,7
飞鸟川千濑,6,10800064,7
貉,2,10800071,5
貉,3,10800072,5
貉,4,10800073,5
貉,5,10800074,5
第二代,3,10800081,10
第二代,4,10800082,10
第二代,5,10800083,10
第二代,6,10800084,10
公主,3,10800091,19
公主,4,10800092,19
公主,5,10800093,19
公主,6,10800094,19
莱莎琳·斯托特,3,10900011,2
莱莎琳·斯托特,4,10900012,2
莱莎琳·斯托特,5,10900013,2
莱莎琳·斯托特,6,10900014,2
科洛蒂娅·巴兰茨,3,10900021,6
科洛蒂娅·巴兰茨,4,10900022,6
科洛蒂娅·巴兰茨,5,10900023,6
科洛蒂娅·巴兰茨,6,10900024,6
帕特莉夏·阿贝尔海姆,3,10900031,5
帕特莉夏·阿贝尔海姆,4,10900032,5
帕特莉夏·阿贝尔海姆,5,10900033,5
帕特莉夏·阿贝尔海姆,6,10900034,5
莉拉·德西亚斯,2,10900041,3
莉拉·德西亚斯,3,10900042,3
莉拉·德西亚斯,4,10900043,3
莉拉·德西亚斯,5,10900044,3
赛莉·古劳斯,2,10900051,7
赛莉·古劳斯,3,10900052,7
赛莉·古劳斯,4,10900053,7
赛莉·古劳斯,5,10900054,7
卡菈·伊迪亚斯,3,10900061,18
卡菈·伊迪亚斯,4,10900062,18
卡菈·伊迪亚斯,5,10900063,18
卡菈·伊迪亚斯,6,10900064,18
